{"cameraMode":{"drawMode":0,"name":"Shaded","section":"Shading Mode"},"sceneLighting":true,"audioPlay":false,"sceneViewState":{"showFog":false,"showMaterialUpdate":false,"showSkybox":true,"showFlares":false,"showImageEffects":false,"showParticleSystems":false},"in2DMode":false,"pivot":{"x":-71.99313354492188,"y":-23.120580673217775,"z":54.61369705200195},"rotation":{"x":0.4956941604614258,"y":0.05344487726688385,"z":-0.03043309785425663,"w":0.8665114641189575},"size":14.077598571777344,"orthographic":false}